artist_name,track_name,file_name
ACDC,If You Want Blood (You Got It),AC-DC_If-You-Want-Blood-(You-Got-It_v3_5_DD_p.psarc
ACDC,Jailbreak,AC-DC_Jailbreak_v1_0_p.psarc
ACDC,Rock 'n' Roll Singer,AC-DC_Rock-'n'-Roll-Singer_v4_0_DD_p.psarc
ACDC,You shook me all night long,AC-DC_You-shook-me-all-night-long_v1_DD_p.psarc
ACDC,The Jack,ACDC - The Jack v1.7_p.psarc
ACDC,Beating Around the Bush,ACDC_Beating-Around-the-Bush_v1_1_p.psarc
ACDC,Burnin' Alive,ACDC_Burnin'-Alive_v1_DD_p.psarc
ACDC,Can I Sit Next To You Girl,ACDC_Can-I-Sit-Next-To-You-Girl_v1_DD_p.psarc
ACDC,Dirty Deeds Done Dirt Cheap Full Album,ACDC_Dirty-Deeds-Done-Dirt-Cheap-Full-Album_v1_0_DD_p (1).psarc
ACDC,Dirty Deeds Done Dirt Cheap Full Album,ACDC_Dirty-Deeds-Done-Dirt-Cheap-Full-Album_v1_0_DD_p.psarc
ACDC,dog eat dog,acdc_dog-eat-dog_v1_0_p.psarc
ACDC,Girls Got Rhythm,ACDC_Girls-Got-Rhythm_v1_DD_p.psarc
ACDC,Gone Shootin,ACDC_Gone-Shootin_v1_DD_syvaa_p.psarc
ACDC,Have a Drink on Me,ACDC_Have-a-Drink-on-Me_v1_1_p.psarc
ACDC,Hell Aint a Bad Place to Be,ACDC_Hell-Aint-a-Bad-Place-to-Be_v1_p.psarc
ACDC,Hells Bells,ACDC_Hells-Bells_v2_0_DD_p.psarc
ACDC,High Voltage,ACDC_High-Voltage_v1_5_p.psarc
ACDC,Highway To Hell,ACDC_Highway-To-Hell_v2_p.psarc
ACDC,Its A Long Way To The Top,ACDC_Its-A-Long-Way-To-The-Top_v1_0_p.psarc
ACDC,Kicked In The Teeth,ACDC_Kicked-In-The-Teeth_v1_1_DD_p.psarc
ACDC,Let Me Put My Love Into You,ACDC_Let-Me-Put-My-Love-Into-You_v1_DD_p.psarc
ACDC,Let there be Rock,ACDC_LettherebeRock_v1_2_p.psarc
ACDC,moneytalks,acdc_moneytalks_v1_1_p.psarc
ACDC,Problem Child,ACDC_Problem-Child_v2_p.psarc
ACDC,Riff Raff,ACDC_Riff-Raff_v1_2_DD_p.psarc
ACDC,Rock And Roll Ain't Noise Pollution,ACDC_Rock-And-Roll-Ain't-Noise-Pollution_v1_DD_p.psarc
ACDC,Rock N Roll Train,ACDC_Rock-N-Roll-Train_v1_DD_p.psarc
ACDC,Shoot to Thrill,ACDC_Shoot-to-Thrill_v1_DD_p.psarc
ACDC,Show Business,ACDC_Show-Business_v1_DD_p.psarc
ACDC,Sin City,ACDC_Sin-City_v2_DD_p.psarc
ACDC,Stiff Upper Lip,ACDC_Stiff-Upper-Lip_v1_1_DD_p.psarc
ACDC,Thunderstruck,ACDC_Thunderstruck_v1_0_p.psarc
ACDC,Touch Too Much,ACDC_Touch-Too-Much_Standard_v1_p.psarc
ACDC,Walk All Over You,ACDC_Walk-All-Over-You_v1_0_DD_p.psarc
ACDC,What Do You Do For Money Honey,ACDC_What-Do-You-Do-For-Money-Honey_v1_p.psarc
ACDC,Whats Next To The Moon,ACDC_Whats-Next-To-The-Moon_v2_p.psarc
ACDC,Whole Lotta Rosie Standard,ACDC_Whole-Lotta-Rosie-Standard_v1_p.psarc
ACDC,whole lotta rosie,acdc_whole-lotta-rosie_v1_2_p.psarc
ACDC,Ride On,JP_RideOn_2v0_p.psarc
ACDC,Who Made Who,JP_WhoMadeWho_2v1_p.psarc
Adele,Easy On Me,Adele_Easy-On-Me_v2_p.psarc
Adele,Hello,Adele_Hello_v2_p.psarc
Adele,Rolling in the Deep,Adele_Rolling-in-the-Deep_v1_p.psarc
Adele,Set Fire To The Rain,Adele_Set-Fire-To-The-Rain_v1_p.psarc
Adele,Skyfall,Adele_Skyfall_v1_p.psarc
Aerosmith,Amazing,Aerosmith_Amazing-_v1_p.psarc
Aerosmith,Cryin ,Aerosmith_Cryin-TS_v1_p.psarc
Aerosmith,I Dont Want To Miss A Thing,Aerosmith_I-Dont-Want-To-Miss-A-Thing_v1_p.psarc
Aerosmith,Last Child,Aerosmith_Last-Child_v2_p.psarc
Aerosmith,Livin On The Edge,Aerosmith_Livin-On-The-Edge-_v1_p.psarc
Airbourne,Back In The Game,Airbourne_Back-In-The-Game_v_DD_p.psarc
Airbourne,Stand Up For Rock N Roll,Airbourne_Stand-Up-For-Rock-N-Roll_v1_DD_p.psarc
Anderson Paak and Free Nationals,Come Down,Anderson-Paak-and-Free-Nationals_Come-Down_v1_0_p (1).psarc
Anderson Paak and Free Nationals,Come Down,Anderson-Paak-and-Free-Nationals_Come-Down_v1_0_p.psarc
Anderson Paak,Am I Wrong,Anderson-Paak_Am-I-Wrong_v1_p.psarc
Anderson Paak,Heart Dont Stand A Chance,Anderson-Paak_Heart-Dont-Stand-A-Chance_v1_p.psarc
Anderson Paak,Put Me Thru,Anderson-Paak_Put-Me-Thru_v1_DD_p.psarc
Anderson Paak,Winners Circle,Anderson-Paak_Winners-Circle_v1_p.psarc
Arcade Fire,Suburbs The,Arcade-Fire_Suburbs-The_v1_DD_p.psarc
Arcade Fire,We Exist,Arcade-Fire_We-Exist_v2_p.psarc
ArcadeFire,Ready to Start,ArcadeFire_ReadytoStart_v1_0_DD_p.psarc
Arctic Monkeys,505,Arctic-Monkeys_505_v1_DD_p.psarc
Arctic Monkeys,Arabella,Arctic-Monkeys_Arabella_v5_DD_p.psarc
Arctic Monkeys,Balaclava,Arctic-Monkeys_Balaclava_v1_p.psarc
Arctic Monkeys,Brianstorm,Arctic-Monkeys_Brianstorm_v1_p.psarc
Arctic Monkeys,Do I Wanna Know,Arctic-Monkeys_Do-I-Wanna-Know_v2_DD_p.psarc
Arctic Monkeys,Do me a favour,Arctic-Monkeys_Do-me-a-favour_v2_p.psarc
Arctic Monkeys,Fake Tales Of San Francisco,Arctic-Monkeys_Fake-Tales-Of-San-Francisco_v3_DD_p.psarc
Arctic Monkeys,Fluorescent Adolescent,Arctic-Monkeys_Fluorescent-Adolescent_v4_DD_p.psarc
Arctic Monkeys,I Bet You Look Good On The Dancefloor,Arctic-Monkeys_I-Bet-You-Look-Good-On-The-Dancefloor_v1_2_DD_p.psarc
Arctic monkeys,I wanna be yours,Arctic-monkeys_I-wanna-be-yours_v1_3_p.psarc
Arctic Monkeys,Knee Socks,Arctic-Monkeys_Knee-Socks_v4_DD_p.psarc
Arctic Monkeys,Library Pictures,Arctic-Monkeys_Library-Pictures_v1_p.psarc
Arctic Monkeys,Mardy Bum,Arctic-Monkeys_Mardy-Bum_v1_4_DD_p.psarc
Arctic Monkeys,Old Yellow Bricks,Arctic-Monkeys_Old-Yellow-Bricks_v1_0_p.psarc
Arctic Monkeys,One For The Road,Arctic-Monkeys_One-For-The-Road_v3_p.psarc
Arctic Monkeys,Perhaps Vampires Is A Bit Strong But,Arctic-Monkeys_Perhaps-Vampires-Is-A-Bit-Strong-But_v2_p.psarc
Arctic Monkeys,Piledriver Waltz,Arctic-Monkeys_Piledriver-Waltz_v3_p.psarc
Arctic Monkeys,Reckless Serenade,Arctic-Monkeys_Reckless-Serenade_v2_p.psarc
Arctic Monkeys,Red Light Indicates Doors Are Secured,Arctic-Monkeys_Red-Light-Indicates-Doors-Are-Secured_v1_p.psarc
Arctic Monkeys,Riot Van,Arctic-Monkeys_Riot-Van_v3_DD_p.psarc
Arctic Monkeys,Teddy Picker,Arctic-Monkeys_Teddy-Picker_v2_p.psarc
Arctic Monkeys,The Hellcat Spangled Shalalala,Arctic-Monkeys_The-Hellcat-Spangled-Shalalala_v2_p.psarc
Arctic Monkeys,The View From The Afternoon,Arctic-Monkeys_The-View-From-The-Afternoon_v2_p.psarc
Arctic Monkeys,This House Is A Circus,Arctic-Monkeys_This-House-Is-A-Circus_v1_0_p.psarc
Arctic Monkeys,When The Sun Goes Down,Arctic-Monkeys_When-The-Sun-Goes-Down_v1_p.psarc
Arctic Monkeys,Whyd You Only Call Me When Youre High,Arctic-Monkeys_Whyd-You-Only-Call-Me-When-Youre-High_v4_DD_p.psarc
Arctic Monkeys,Still Take You Home,Arctic_Monkeys_Still_Take_You_Home_v1_p.psarc
Audioslave,Shadow on the Sun,Audioslave_Shadow-on-the-Sun_v1_p.psarc
Audioslave,What You Are,Audioslave_What-You-Are_v1_0_p.psarc
Backstreet Boys,Everybody Backstreets Back,Backstreet-Boys_Everybody-Backstreets-Back_v2_DD_p.psarc
Bikini Kill,Rebel Girl,Bikini-Kill_Rebel-Girl_v1_p.psarc
Billie Eilish,Bad Guy,Billie-Eilish_Bad-Guy_v1_p.psarc
Billie Eilish,BIRDS OF A FEATHER ,Billie-Eilish_BIRDS-OF-A-FEATHER-Djpavs_v1_p.psarc
Billie Eilish,Therefore I Am,Billie-Eilish_Therefore-I-Am_v1_DD_p.psarc
Billy Idol,Eyes Without A Face,Billy-Idol_Eyes-Without-A-Face_v1_0_p.psarc
Billy Idol,Rebel Yell,Billy-Idol_Rebel-Yell_v1_p.psarc
Billy Idol,Dancing With Myself,BillyIdol_DancingWithMyself_v1_p.psarc
Black Sabbath,N.I.B,Black-Sabbath_N.I.B_p.psarc
Black Sabbath,Paranoid,Black-Sabbath_Paranoid_v1_DD_p.psarc
Black Sabbath,Sabbath Bloody Sabbath,Black-Sabbath_Sabbath-Bloody-Sabbath_p.psarc
Black Sabbath,War Pigs,Black-Sabbath_War-Pigs_v1_p.psarc
Black Sabbath,IronMan,BlackSabbath_IronMan_p.psarc
Blink 182,Aliens Exist,Blink-182_Aliens-Exist_v4_DD_p.psarc
Blink 182,Anthem Part 2,Blink-182_Anthem-Part-2_v2_p.psarc
Blink 182,Down,Blink-182_Down_v3_p.psarc
Blink 182,Reckless Abandon,Blink-182_Reckless-Abandon_v2_p.psarc
Blink 182,Shut Up,Blink-182_Shut-Up_v1_p.psarc
Blink 182,Story Of A Lonely Guy,Blink-182_Story-Of-A-Lonely-Guy_v2_p.psarc
Blondie,Heart of Glass,Blondie_Heart-of-Glass_v1_p.psarc
Blondie,One Way or Another,Blondie_One-Way-or-Another_v2_p.psarc
Blue Oyster Cult,Cities On Flame with Rock and Roll,Blue-Oyster-Cult_Cities-On-Flame-with-Rock-and-Roll_v5_4_DD_p.psarc
Blue Oyster Cult,Joan Crawford,Blue-Oyster-Cult_Joan-Crawford_v_p.psarc
Blue Oyster Cult,Sole Survivor,Blue-Oyster-Cult_Sole-Survivor_v1_p.psarc
Blur,Beetlebum,Blur_Beetlebum_v3_DD_p.psarc
Blur,Coffee  TV,Blur_Coffee--TV_v10_DD_p.psarc
Blur,Ghost Ship,Blur_Ghost-Ship_v1_p.psarc
Blur,Girls  Boys,Blur_Girls--Boys_v2_p.psarc
Blur,Parklife,Blur_Parklife_v2_DD_p.psarc
Blur,There's no Other Way,Blur_There's-no-Other-Way_v1_p.psarc
Bob Dylan,Lay Lady Lay,Bob-Dylan_Lay-Lady-Lay_v1_p.psarc
Bob Dylan,Tangled Up In Blue,Bob-Dylan_Tangled-Up-In-Blue_v1_DD_p.psarc
Britney Spears,Oops I Did It Again,Britney-Spears_Oops-I-Did-It-Again_v1_p.psarc
Britney Spears,Toxic,Britney-Spears_Toxic_v2_p.psarc
BritneySpears,Baby One More Time,BritneySpears_BabyOneMoreTime_v1_p.psarc
Bruno Mars,24k Magic,Bruno-Mars_24k-Magic_v1_1_DD_p.psarc
Bruno Mars,Locked out of Heaven,Bruno-Mars_Locked-out-of-Heaven_v2_DD_p.psarc
Bruno Mars,Thats What I Like,Bruno-Mars_Thats-What-I-Like_v1_p.psarc
Bruno Mars,Treasure,Bruno-Mars_Treasure_v_p.psarc
Mark Ronson Ft Bruno Mars,Uptown Funk,Mark-Ronson-Ft-Bruno-Mars_Uptown-Funk_v1_p.psarc
Bryan Adams,Summer of '69,Bryan-Adams_Summer-of-'69_v1_1_DD_bojar_p.psarc
Coldplay,Talk,Coldplay - Talk_p.psarc
Coldplay,God Put A Smile Upon Your Face,Coldplay_God-Put-A-Smile-Upon-Your-Face_v1_DD_p.psarc
Coldplay,Speed of Sound,Coldplay_Speed-of-Sound_v1_5_DD_p.psarc
Coldplay,The Hardest Part,Coldplay_The-Hardest-Part_v1_1_DD_p.psarc
Creedance Clearwater Revival,Tombstone Shadow,Creedance-Clearwater-Revival_Tombstone-Shadow_v3_1_p.psarc
Creedance Clearwater Revival,Looking Out My Back Door,Creedence Clearwater Revival - Lookin Out my Back Door_p.psarc
Creedance Clearwater Revival,Who’ll Stop The Rain,Creedence Clearwater Revival - Who'll Stop the Rain_p.psarc
Creedence Clearwater Revival,Green River ,Creedence-Clearwater-Revival_Green-River-DD_v4_0_p.psarc
Creedence Clearwater Revival,I Heard It Through the Grapevine,Creedence-Clearwater-Revival_I-Heard-It-Through-the-Grapevine_v2_p.psarc
Creedence Clearwater Revival,I Put A Spell On You,Creedence-Clearwater-Revival_I-Put-A-Spell-On-You_v_p.psarc
Creedence Clearwater Revival,Long As I Can See The Light,Creedence-Clearwater-Revival_Long-As-I-Can-See-The-Light_v1_5_p.psarc
Creedence Clearwater Revival,Night Time Is The Right Time,Creedence-Clearwater-Revival_Night-Time-Is-The-Right-Time_v1_0_p.psarc
Creedence Clearwater Revival,Suzie Q,Creedence-Clearwater-Revival_Suzie-Q_v5_0_p.psarc
Creedence Clearwater Revival,Travelin Band,Creedence-Clearwater-Revival_Travelin-Band_v1_p.psarc
Creedence Clearwater Revival,Up Around the bend,Creedence-Clearwater-Revival_Up-Around-the-bend_v1_p.psarc
Daft Punk,Fragments Of Time Feat Todd Edwards,Daft-Punk_Fragments-Of-Time-Feat-Todd-Edwards_v1_p.psarc
Daft Punk,Get Lucky,Daft-Punk_Get-LuckyDell_v2_p.psarc
Daft Punk,Giorgio by Moroder,Daft-Punk_Giorgio-by-Moroder_v3_p.psarc
Daft Punk,Give Life Back To Music,Daft-Punk_Give-Life-Back-To-Music_v1_p.psarc
Daft Punk,Instant Crush,Daft-Punk_Instant-Crush_ZK_v1_p.psarc
Daft Punk,Lose Yourself to Dance,Daft-Punk_Lose-Yourself-to-Dance_v2_p.psarc
Daft Punk,One More Time,Daft-Punk_One-More-TimeDell_v1_p.psarc
Daft Punk,Robot RockDell,Daft-Punk_Robot-RockDell_v1_p.psarc
Daft Punk,Something About Us,Daft-Punk_Something-About-Us_v2_p.psarc
Daft Punk,Around the World,Daft_Punk-Around-the-World_v1_p.psarc
David Bowie ,Dancing In The Street,BowieJagger_DancingInTheStreet_v1_p.psarc
David Bowie,Fame,David-Bowie_Fame_v1_p.psarc
David Bowie,Lady Stardust,David-Bowie_Lady-Stardust_v1_DD_p.psarc
David Bowie,Life On Mars,David-Bowie_Life-On-Mars_v1_2_DD_p.psarc
David Bowie,Rock n Roll suicide,David-Bowie_RocknRoll-suicide_v1_DD_p.psarc
David Bowie,Soul Love,David-Bowie_Soul-Love-_v1_0_p.psarc
David Bowie,Starman,David-Bowie_Starman_v2_DD_p.psarc
David Bowie,Black Country Rock,David_Bowie-Black_Country_Rock_v1_DD_Aludog_p.psarc
Deep Purple,Black Night,Deep-Purple_Black-Night_v5_5_p.psarc
Deep Purple,Burn,Deep-Purple_Burn_v1_p.psarc
Deep Purple,Lazy,Deep-Purple_Lazy_6L_v2_1_p.psarc
Deep Purple,Space Truckin',Deep-Purple_Space-Truckin'_v5_5_p.psarc
Deep Purple,Speed king,Deep-Purple_Speed-king_v1_DD_p.psarc
Def Leppard,Foolin',Def-Leppard_Foolin'_v1_DD_p.psarc
Def Leppard,Photograph,Def-Leppard_Photograph_v7_p.psarc
Dire Straits,Money For Nothing,Dire-Straits_Money-For-Nothing_v1_bojar_p.psarc
Dire Straits,Sultans of Swing,Dire-Straits_Sultans-of-Swing_v443_p.psarc
Dua Lipa,Break My Heart,Dua-Lipa_Break-My-Heart-Djpavs_v2_p.psarc
Dua Lipa,Cool,Dua-Lipa_Cool_v1_0_p.psarc
Dua Lipa,Dont Start Now,Dua-Lipa_Dont-Start-NowDell_v1_1_p.psarc
Dua Lipa,Hallucinate,Dua-Lipa_Hallucinate_v1_0_p.psarc
Dua Lipa,Houdini,Dua-Lipa_HoudiniDell_v2_p.psarc
Dua Lipa,IDGAF,Dua-Lipa_IDGAF_v1_p.psarc
Dua Lipa,Levitating,Dua-Lipa_Levitating_v3_0_p.psarc
Dua Lipa,Love Again,Dua-Lipa_Love-AgainDell_v1_p.psarc
Dua Lipa,New Rules,Dua-Lipa_New-Rules_v1_p.psarc
Dua Lipa,Physical,Dua-Lipa_Physical_v1_0_p.psarc
Dua Lipa,Pretty Please,Dua-Lipa_Pretty-PleaseDell_v1_p.psarc
Miley Cyrus,Prisoner feat Dua Lipa,Miley-Cyrus_Prisoner-feat-Dua-Lipa_v1_p.psarc
Eagles,Hotel California,Eagles_Hotel-California_v1_1_p.psarc
Electric Light Orchestra,Last Train to London,Electric-Light-Orchestra_Last-Train-to-London_v2_DD_p.psarc
Europe,Carrie,Europe - Carrie_p.psarc
Europe,Cherokee,Europe_Cherokee_v1_2_DD_p.psarc
Europe,Rock The Night,Europe_Rock-The-Night_v1_DD_p.psarc
Eurythmics,Sweet Dreams,Eurythmics_Sweet-Dreams_v_p.psarc
Fall out Boy,Beat it cover,Fall-out-Boy_Beat-it-cover_v1_0_p.psarc
Fleetwood Mac,The Chain,Fleetwood-Mac_Chain-The_v2_DD_p.psarc
Fleetwood Mac,Dont Stop,Fleetwood-Mac_Dont-Stop_v1_0_p.psarc
Fleetwood Mac,Dreams,Fleetwood-Mac_Dreams_v1_0_p.psarc
Florence,Dog Days Are Over,Florence_Dog-Days-Are-Over_v2_DD_p.psarc
Foals,My Number,Foals_My-Number_v2_0_p.psarc
Foo Fighters,But Honestly,FFButHonestly_p.psarc
Foo Fighters,Feast and The Famine,FF_Feast-and-The-Famine_v1_DD_p.psarc
Foo Fighters,Come Back,Foo Fighters - Come Back_p.psarc
Foo Fighters,Alandria,Foo-Fighters_Alandria_v1_DD_p.psarc
Foo Fighters,All My Life,Foo-Fighters_All-My-Life_v2_p.psarc
Foo Fighters,Back & Forth,Foo-Fighters_Back--Forth_v1_p.psarc
Foo Fighters,Breakout,Foo-Fighters_Breakout_v1_p.psarc
Foo Fighters,Bridge Burning,Foo-Fighters_Bridge-Burning_v1_p.psarc
Foo Fighters,End Over End,Foo-Fighters_End-Over-End_v1_p.psarc
Foo Fighters,Free Me,Foo-Fighters_Free-Me_v1_p.psarc
Foo Fighters,Hey Johnny Park,Foo-Fighters_Hey-Johnny-Park_v2_p.psarc
Foo Fighters,In Your Honor,Foo-Fighters_In-Your-Honor_v1_p.psarc
Foo Fighters,Last Song,Foo-Fighters_Last-Song_v1_p.psarc
Foo Fighters,Let It Die,Foo-Fighters_Let-It-Die_v1_2_p.psarc
Foo Fighters,Miss The Misery,Foo-Fighters_Miss-The-Misery_v2_p.psarc
Foo Fighters,No Way Back,Foo-Fighters_No-Way-Back_v1_p.psarc
Foo Fighters,Resolve,Foo-Fighters_Resolve_v1_p.psarc
Foo Fighters,These Days,Foo-Fighters_These-Days_v2_0_DD_p.psarc
Foo Fighters,White Limo,Foo-Fighters_White-Limo_v1_p.psarc
Foo Fighters,Something From Nothing,foosomething_p.psarc
Foo Fighters,Stranger Things Have Happened,foostrange_p.psarc
Foreigner,I Want To Know what Love Is,Foreigner - I Want to Know What Love Is_p.psarc
Foreigner,Urgent,Foreigner_Urgent_v1_6_p.psarc
Franz Ferdinand,40,Franz-Ferdinand_40_v1_p.psarc
Franz Ferdinand,Dark of the Matinee,Franz-Ferdinand_Dark-of-the-Matinee_v1_p.psarc
Franz Ferdinand,Darts Of Pleasure,Franz-Ferdinand_Darts-Of-Pleasure_v2_DD_p.psarc
Franz Ferdinand,Do You Want To,Franz-Ferdinand_Do-You-Want-To_v2_DD_p.psarc
Franz Ferdinand,Jacqueline,Franz-Ferdinand_Jacqueline_v1_p.psarc
Franz Ferdinand,Michael,Franz-Ferdinand_Michael_v_DD_p.psarc
Franz Ferdinand,No you Girls,Franz-Ferdinand_No-you-Girls_v_DD_p.psarc
Franz Ferdinand,This Fire,Franz-Ferdinand_This-Fire_v_DD_p.psarc
Gary Moore,Parisienne Walkways,Gary-Moore_Parisienne-Walkways_v3_p.psarc
Good Charlotte,Predictable,Good-Charlotte_Predictable_v1.1_p.psarc
Gorillaz,Clint Eastwood,Gorillaz_Clint-Eastwood_v2_0_p.psarc
Gorillaz,Feel Good Inc.,Gorillaz_Feel Good Inc._v1_p.psarc
Gorillaz,On Melancholy Hill,Gorillaz_On-Melancholy-Hill_v1_p.psarc
Gorillaz,Tomorrow Comes Today,Gorillaz_Tomorrow-Comes-Today_v1_p.psarc
Green Day,Hitchin' A Ride,Green-Day_Hitchin'-A-Ride_v1_p.psarc
Green Day,Homecoming,Green-Day_Homecoming_v1_3_p.psarc
Green Day,King For a Day,Green-Day_King-For-a-Day_v3_p.psarc
Green Day,Letterbomb,Green-Day_Letterbomb_v1_2_p.psarc
Green Day,Nice Guys Finish Last,Green-Day_Nice-Guys-Finish-Last_v1_1_DD_p.psarc
Green Day,Redundant,Green-Day_Redundant_v1_5_p.psarc
Green Day,She,Green-Day_She_v1_1_p.psarc
Green Day,St Jimmy,Green-Day_St-Jimmy_v1_1_p.psarc
Green Day,The Grouch,Green-Day_The-Grouch_v1_p.psarc
Green Day,Waiting,Green-Day_Waiting_v1_2_p.psarc
Green Day,Whatsername,Green-Day_Whatsername_v1_3_p.psarc
Green Day,She's a Rebel,ShesaRebel_GreenDay_p.psarc
Guns N' Roses,Sweet Child O’ Mine,Guns N Roses - Sweet Child OMine_p.psarc
Guns N' Roses,Welcome To The Jungle,Guns N Roses - Welcome to the Jungle_p.psarc
Guns N' Roses,Chinese Democracy,Guns-N'-Roses_Chinese-Democracy_v1_p.psarc
Guns N' Roses,Hard Skool,Guns-N'-Roses_Hard-Skool_v1_p.psarc
Guns N' Roses,Nightrain,Guns-N'-Roses_Nightrain_v1_DD_p.psarc
Guns N' Roses,Paradise City ,Guns-n'-Roses_Paradise-City-TS_v1_2_DD_p.psarc
Guns N' Roses,Shadow Of Your Love,Guns-N'-Roses_Shadow-Of-Your-Love_v1_p.psarc
Guns N' Roses,Shotgun Blues,Guns-N'-Roses_Shotgun-Blues_v1_p.psarc
Guns N' Roses,You're Crazy,Guns-N'-Roses_You're-Crazy_v1_p.psarc
Guns N' Roses,Down On The Farm,Guns-N-Roses_Down-On-The-Farm_v1_p.psarc
Guns N' Roses,Estranged,Guns-N-Roses_Estranged_v4_p.psarc
Guns N' Roses,Mr Brownstone,Guns-N-Roses_Mr-Brownstone_v1_p.psarc
Guns N' Roses,November Rain,Guns-N-Roses_November-Rain_v4_p.psarc
Guns N' Roses,Since I Dont Have You,Guns-N-Roses_Since-I-Dont-Have-You_v2_p.psarc
Guns N' Roses,Used to Love Her,Guns-N-Roses_Used-to-Love-Her_v2_DD_p.psarc
Guns N' Roses,You Could Be Mine,Guns-N-Roses_You-Could-Be-Mine_v1_1_p.psarc
Guns N' Roses,14 Years,GunsNRoses_14Years_v1_DD_p.psarc
Guns N' Roses,Anything Goes,GunsNRoses_AnythingGoes_v1_p.psarc
Guns N' Roses,Attitude,GunsNRoses_Attitude_v2_p.psarc
Guns N' Roses,Back Off Bitch,GunsNRoses_BackOffBitch_v1_p.psarc
Guns N' Roses,Bad Apples,GunsNRoses_BadApples_v1_p.psarc
Guns N' Roses,Better,GunsNRoses_Better_v1_DD_p.psarc
Guns N' Roses,Breakdown,GunsNRoses_Breakdown_v1_DD_p.psarc
Guns N' Roses,Coma,GunsNRoses_Coma_v1_p.psarc
Guns N' Roses,DeadHorse,GunsNRoses_DeadHorse_v1_DD_p.psarc
Guns N' Roses,Don’t Damn Me,GunsNRoses_DontDamnMe_v3_p.psarc
Guns N' Roses,Double Talkin Jive,GunsNRoses_DoubleTalkinJive_v1_DD_p.psarc
Guns N' Roses,Dust N Bones,GunsNRoses_DustNBones_v1_DD_p.psarc
Guns N' Roses,Its So Easy,GunsNRoses_ItsSoEasy_v2_p.psarc
Guns N' Roses,Knockin On Heavens Door,GunsNRoses_KnockinOnHeavensDoor_v2_p.psarc
Guns N' Roses,Live And Let Die,GunsNRoses_LiveAndLetDie_v1_p.psarc
Guns N' Roses,Out Ta Get Me,GunsNRoses_OutTaGetMe_v1_p.psarc
Guns N' Roses,Right Next Door To Hell,GunsNRoses_RightNextDoorToHell_v1_DD_p.psarc
Guns N' Roses,Rocket Queen,GunsNRoses_RocketQueen_v3_p.psarc
Guns N' Roses,Street Of Dreams,GunsNRoses_StreetOfDreams_v1_DD_p.psarc
Guns N' Roses,There Was A Time,GunsNRoses_ThereWasATime_v2_DD_p.psarc
Guns N' Roses,Think About You,GunsNRoses_ThinkAboutYou_v1_p.psarc
Guns N' Roses,This I Love,GunsNRoses_ThisILove_v1_DD_p.psarc
Daryl Hall and John Oates,Maneater,Daryl-Hall-and-John-Oates_Maneater_v3_p.psarc
Harry Styles,Adore You,Harry-Styles_Adore-You_v1_p.psarc
Harry Styles,As It Was,Harry-Styles_As-It-Was_v1_p.psarc
Harry Styles,Late Night Talking,Harry-Styles_Late-Night-Talking_v1_p.psarc
Harry Styles,Watermelon Sugar,Harry-Styles_Watermelon-Sugar_v1_p.psarc
Iron Maiden,Wasted Years,Iron Maiden - Wasted Years final_p.psarc
Iron Maiden,Evil That Men Do,Iron-Maiden_Evil-That-Men-Do_v1_DD_p.psarc
Iron Maiden,Iron Maiden,Iron-Maiden_Iron-Maiden_v2_3_p.psarc
Iron Maiden,Phantom of the Opera,Iron-Maiden_Phantom-of-the-Opera_v1_1_p.psarc
Iron Maiden,Wasted Years,Iron-Maiden_Wasted-Years_v1_p.psarc
Jack White,Lazaretto,Jack-White_Lazaretto_v1_DD_p.psarc
James Brown,Get Up I Feel Like Being A Sex Machine,James-Brown_Get-Up-I-Feel-Like-Being-A-Sex-Machine_p.psarc
James Brown,Get Up Offa That Thing,James-Brown_Get-Up-Offa-That-Thing_v1_p.psarc
James Brown,I Got You I Feel Good,James-Brown_I-Got-You-I-Feel-Good_v2_noDD_p.psarc
Jimi Hendrix Experience,All Along the Watchtower,Jimi-Hendrix-Experience-The_All-Along-the-Watchtower_v2_p.psarc
Jimi Hendrix Experience,Hey Joe,Jimi-Hendrix-Experience-The_Hey-Joe_v1_p.psarc
Jimi Hendrix Experience,Spanish Castle Magic,Jimi-Hendrix-Experience_Spanish-Castle-Magic_v3_p.psarc
Jimi Hendrix,Crosstown Traffic,Jimi-Hendrix_Crosstown-Traffic_v3_p.psarc
John Mayer,Belief,John-Mayer_Belief_v1_0_p.psarc
John Mayer,Gravity,John-Mayer_Gravity_v2_p.psarc
John Mayer,Helpless,John-Mayer_Helpless_v2_p.psarc
John Mayer,I Dont Trust Myself,John-Mayer_I-Dont-Trust-Myself_v1_p.psarc
John Mayer,Im Gonna Find Another You,John-Mayer_Im-Gonna-Find-Another-You_v1_0_p.psarc
John Mayer,In Repair,John-Mayer_In-Repair_v1_p.psarc
John Mayer,Last Train Home,John-Mayer_Last-Train-Home_v2_p.psarc
John Mayer,New Light,John-Mayer_New-Light_v3_p.psarc
John Mayer,Perfectly Lonely,John-Mayer_Perfectly-Lonely_v1_DD_p.psarc
John Mayer,Rosie,John-Mayer_Rosie_v1_p.psarc
John Mayer,Slow Dancing in a Burning Room Live,John-Mayer_Slow-Dancing-in-a-Burning-Room-Live_v1_1_p.psarc
John Mayer,The Heart of Life,John-Mayer_The-Heart-of-Life_v1_DD_p.psarc
John Mayer,Waiting on the World to Change,John-Mayer_Waiting-on-the-World-to-Change_v1_p.psarc
John Mayer,Vultures,John_Mayer - Vultures_v1_0_p.psarc
John Mayer,Gravity,John_Mayer_Gravity_v1_1_p.psarc
Journey,Any Way You Want It,Journey_Any-Way-You-Want-It_v1_DD_p.psarc
Journey,Dont Stop Believin ,Journey_Dont-Stop-Believin-Arnel_v1_1_p.psarc
Kasabian,Fire,Kasabian_Fire_v_DD_p.psarc
Keane,Bedshaped,Keane_Bedshaped_v_DD_p.psarc
Keane,Bend And Break,Keane_Bend-And-Break_v1_DD_p.psarc
Keane,Everybody's Changing,Keane_Everybody's-Changing_v1_DD_p.psarc
Keane,Somewhere Only We Know,Keane_Somewhere-Only-We-Know_v1_0_DD_p.psarc
Kendrick Lamar,Humble,Kendrick-Lamar_Humble_v1_p.psarc
Kendrick Lamar,King Kuna,Kendrick-Lamar_King-Kuna_v1_DD_p.psarc
Kendrick Lamar,Not Like Us,Kendrick-Lamar_Not-Like-Us_v1_1_DD_p.psarc
Lamar Kendrick,Wesley's Theory,Lamar-Kendrick_Wesley's-Theory_v1_DD_p.psarc
Kings of Leon,Closer,Kings-of-Leon_Closer_v1_DD_p.psarc
Kings of Leon,Revelry,Kings-of-Leon_Revelry_v1_p.psarc
Kings of Leon,Sex on Fire,Kings-of-Leon_Sex-on-Fire_v2_p.psarc
Kiss,Cold Gin,KISS_Cold-Gin_v1_DD_p.psarc
Kiss,Crazy Crazy Nights,Kiss_Crazy-Crazy-Nights_v1_p.psarc
Kiss,Deuce,Kiss_Deuce_v2_p.psarc
Kiss,Shout It Out Loud,Kiss_Shout-It-Out-Loud_v1_DD_p.psarc
Kiss,War Machine,Kiss_War-Machine_v3_DD_p.psarc
Led Zeppelin,Good Times Bad Times,Led Zeppelin - Good Times Bad Times_p.psarc
Led Zeppelin,Babe Im Gonna Leave You,Led-Zeppelin_Babe-Im-Gonna-Leave-You_v1_2_p.psarc
Led Zeppelin,Bring It On Home,Led-Zeppelin_Bring-It-On-Home_v1_1_p.psarc
Led Zeppelin,Communication Breakdown,Led-Zeppelin_Communication-Breakdown_v2_p.psarc
Led Zeppelin,Dancing Days,Led-Zeppelin_Dancing-Days_v2_p.psarc
Led Zeppelin,Dazed and Confused,Led-Zeppelin_Dazed-and-Confused_v1_2_p.psarc
Led Zeppelin,Heartbreaker,Led-Zeppelin_Heartbreaker_v1_1_p.psarc
Led Zeppelin,Houses of the Holy,Led-Zeppelin_Houses-of-the-Holy_v1_p.psarc
Led Zeppelin,Misty Mountain Hop,Led-Zeppelin_Misty-Mountain-Hop_v1_0_p.psarc
Led Zeppelin,No Quarter,Led-Zeppelin_No-Quarter_v1_0_p.psarc
Led Zeppelin,Nobodys Fault But Mine,Led-Zeppelin_Nobodys-Fault-But-Mine_v1_p.psarc
Led Zeppelin,Ocean The,Led-Zeppelin_Ocean-The_v2_p.psarc
Led Zeppelin,Over the Hills and Far Away,Led-Zeppelin_Over-the-Hills-and-Far-Away_v1_0_p.psarc
Led Zeppelin,Ramble On,Led-Zeppelin_Ramble-On_v2_0_p.psarc
Led Zeppelin,Rock And Roll,Led-Zeppelin_Rock-And-Roll_v7_DD_p.psarc
Led Zeppelin,Since Ive Been Loving You,Led-Zeppelin_Since-Ive-Been-Loving-You_v1_2_p.psarc
Led Zeppelin,The Rover,Led-Zeppelin_The-Rover_v1_p.psarc
Led Zeppelin,Trampled Under Foot,Led-Zeppelin_Trampled-Under-Foot_v1_p.psarc
Led Zeppelin,What is and What Should Never Be,Led-Zeppelin_What-is-and-What-Should-Never-Be_v2_0_p.psarc
Led Zeppelin,When the Levee Breaks,Led-Zeppelin_When-the-Levee-Breaks_v1_0_p.psarc
Led Zeppelin,Kashmir,Led_Zeppelin_Kashmir_v1_3_p.psarc
Led Zeppelin,Living Loving Maid,Led_Zeppelin_Living_Loving_Maid_(She's_Just_a_Woman)_v1_0_p.psarc
Led Zeppelin,Moby Dick,Led_Zeppelin_Moby_Dick_v1_0_p.psarc
Led Zeppelin,Tangerine,Led_Zeppelin_Tangerine_v1_0_p.psarc
Led Zeppelin,The Lemon Song,Led_Zeppelin_The_Lemon_Song_v1_0_p.psarc
Led Zeppelin,Ten Years Gone,LZ_Ten_Years_Gone_1_2_p.psarc
Lenny Kravitz,Always On The Run,Lenny-Kravitz_Always-On-The-Run_v1_2_p.psarc
Lenny Kravitz,American Woman,Lenny-Kravitz_American-Woman_v1_p.psarc
Lenny Kravitz,Fly Away,Lenny-Kravitz_Fly-Away_v1_p.psarc
Lenny Kravitz,It Aint Over Til Its Over,Lenny-Kravitz_It-Aint-Over-Til-Its-Over_v3_p.psarc
Limp Bizkit,Break Stuff,Limp-Bizkit_Break-Stuff_v1_p.psarc
Limp Bizkit,My Generation ,Limp-Bizkit_My-Generation-LB-_v1_p.psarc
Limp Bizkit,Nookie,Limp-Bizkit_Nookie_v1_1_p.psarc
Limp Bizkit,Rollin (Air Raid Vehicle),Limp-Bizkit_Rollin-(Air-Raid-Vehicle)_v1_p.psarc
LimpBizkit,Take A Look Around,LimpBizkit_TakeALookAround_v2_p.psarc
Luis Miguel,Ahora te puedes marchar,Luis-Miguel_Ahora-te-puedes-marchar_v1_DD_p.psarc
Luis Miguel,Cuando Calienta el Sol,Luis-Miguel_Cuando-Calienta-el-Sol_v1_DD_p.psarc
Luis Miguel,Culpable o No Mienteme Como Siempre,Luis-Miguel_Culpable-o-No-Mienteme-Como-Siempre_v2_0_p.psarc
Luis Miguel,Suave,Luis-Miguel_Suave_v1_p.psarc
Maneskin,Beggin,Maneskin_Beggin_v1_p.psarc
Marilyn Manson ,Sweet Dreams,Marilyn Manson - Sweet Dreams_p.psarc
Maroon 5,Goodnight Goodnight,Maroon 5 - Goodnight Goodnight_p.psarc
Maroon 5,Makes Me Wonder,Maroon 5 - Makes Me Wonder_p.psarc
Maroon 5,Sunday Morning,Maroon 5 - Sunday Morning_p.psarc
Maroon 5,Wake Up Call,Maroon 5 - Wake Up Call_p.psarc
Maroon 5,Won’t Go Home Without You,Maroon 5 - Wont Go Home Without You_p.psarc
Maroon 5,Must Get Out,Maroon-5_Must-Get-Out_v1_p.psarc
Maroon 5,Secret,Maroon-5_Secret_v1_1_p.psarc
Maroon 5,Sugar,Maroon-5_Sugar_v1_p.psarc
Maroon 5,The Sun,Maroon-5_Sun-The_v01_p.psarc
Metallica,Enter Sandman ,Metallica_Enter-Sandman-Nacho_v1_p.psarc
Metallica,For Whom The Bell Tolls,Metallica_For-Whom-The-Bell-Tolls_v3_p.psarc
Metallica,Fuel,Metallica_Fuel_v1_p.psarc
Metallica,Master of Puppets,Metallica_Master-of-Puppets_Nacholede_v1_p.psarc
Metallica,Nothing Else Matters,Metallica_Nothing-Else-Matters_v1_0_DD_p.psarc
Metallica,One,Metallica_One_v1_p.psarc
Metallica,Sad But True,Metallica_Sad-But-True_v1_DD_p.psarc
Metallica,Seek And Destroy,Metallica_Seek-And-Destroy_v1_p.psarc
Metallica,Whiskey In The Jar,Metallica_Whiskey-In-The-Jar_v1_p.psarc
MGMT,Electric Feel,MGMT_Electric-Feel_v1.1_p.psarc
MGMT,Kids,MGMT_Kids_v1_p.psarc
MGMT,Little Dark Age,MGMT_Little-Dark-Age_v1_DD_p.psarc
Michael Jackson,Beat It ,Michael-Jackson_Beat-It-Nacho_v1_p.psarc
Michael Jackson,Billie Jean,Michael-Jackson_Billie-Jean_v2_0_DD_p.psarc
Michael Jackson,Dont Stoptil You Get Enough,Michael-Jackson_Dont-Stoptil-You-Get-Enough_v1_p.psarc
Michael Jackson,Rock With You,Michael-Jackson_Rock-With-You_v1_p.psarc
Michael Jackson,Smooth Criminal,Michael-Jackson_Smooth-Criminal_syvaa_v1_p.psarc
Motley Crue,Live Wire,Motley-Crue_Live-Wire_v1_p.psarc
Motley Crue,Same Ol Situation,Motley-Crue_Same-Ol-Situation_v1.1_DD_p.psarc
Motley Crue,Too Young to Fall in Love,Motley-Crue_Too-Young-to-Fall-in-Love_v1_p.psarc
Mumford and Sons,Ditmas,Mumford-and-Sons_Ditmas_v2_DD_p.psarc
Muse,Psycho,Muse_Psycho_v2_p.psarc
Muse,Reapers,Muse_Reapers_v3_1_p.psarc
Muse,Uprising,Muse_Uprising_v1_p.psarc
My Chemical Romance,Cemetery Drive,My-Chemical-Romance_Cemetery-Drive_v1_p.psarc
My Chemical Romance,Hang 'Em High,My-Chemical-Romance_Hang-'Em-High_v1_DD_p.psarc
My Chemical Romance,It's Not a Fashion Statement It's a Fucking Deathwish,My-Chemical-Romance_It's-Not-a-Fashion-Statement-It's-a-Fucking-Deathwish_v1_p.psarc
My Chemical Romance,Thank You For The Venom,My-Chemical-Romance_Thank-You-For-The-Venom_v1_0_p.psarc
My Chemical Romance,The Ghost of You,My-Chemical-Romance_The-Ghost-of-You_v1_p.psarc
My Chemical Romance,To the End,My-Chemical-Romance_To-the-End_v2_p.psarc
My Chemical Romance,You Know What They Do to Guys Like Us Is Prison,My-Chemical-Romance_You-Know-What-They-Do-to-Guys-Like-Us-Is-Prison_v1_1_DD_p.psarc
My Chemical Romance,Give 'Em Hell Kid,MyChemicalRomance_Give-'Em-Hell-Kid_v1_p.psarc
My Chemical Romance,I Never Told You What I Do for a Living,MyChemicalRomance_I-Never-Told-You-What-I-Do-for-a-Living_v1_p.psarc
Nirvana,Polly,06. Polly_v2_0_p.psarc
Nirvana,Come As You Are,Nirvana - Come As You Are_p.psarc
Nirvana,About a Girl,Nirvana_About-a-Girl_v1_p.psarc
Nirvana,All Apologies,Nirvana_All-Apologies_v1_DD_p.psarc
Nirvana,Drain You,Nirvana_Drain-You_v2_p.psarc
Nirvana,Lithium,Nirvana_Lithium_v1_p.psarc
Nirvana,On A Plain,Nirvana_On-A-Plain_v1_p.psarc
Nirvana,Rape Me,Nirvana_Rape-Me_v1_DD_p.psarc
Nirvana,Something In The Way,Nirvana_Something-In-The-Way_v1_DD_p.psarc
NSYNC,Bye Bye Bye,NSYNC_Bye-Bye-Bye_v1_p.psarc
NSYNC,It's Gonna Be Me,NSYNC_It's-Gonna-Be-Me_v1_p.psarc
Oasis,Cigarettes & Alcohol,Oasis_Cigarettes--Alcohol_v1_2_DD_p.psarc
Oasis,Hello,Oasis_Hello_v1_DD_p.psarc
Oasis,Morning,Oasis_Morning_Glory_LRBV_v1_0_p.psarc
Oasis,Rock N Roll Star,Oasis_Rock-N-Roll-Star_v1_1_DD_p.psarc
Oasis,Roll With It,Oasis_Roll-With-It_v1_DD_p.psarc
Oasis,Shes Electric,Oasis_Shes-Electric_v1_p.psarc
Oasis,Slide Away,Oasis_Slide-Away_v1_p.psarc
Oasis,Stand by Me,Oasis_Stand-by-Me_v1_1_DD_p.psarc
Olivia Rodrigo,Good 4 u,Olivia-Rodrigo_Good-4-u_v2_p.psarc
Ozzy Osbourne,Goodbye To Romance,Ozzy-Osbourne-_Goodbye-To-Romance-_v1_p.psarc
Ozzy Osbourne,Road To Nowhere,Ozzy-Osbourne-_Road-To-Nowhere-_v2_p.psarc
Ozzy Osbourne,Bark at the Moon,Ozzy-Osbourne_Bark-at-the-Moon_v7_p.psarc
Ozzy Osbourne,Believer,Ozzy-Osbourne_Believer_v1_p.psarc
Ozzy Osbourne,Breaking All The Rules,Ozzy-Osbourne_Breaking-All-The-Rules_v1_p.psarc
Ozzy Osbourne,Crazy Train,Ozzy-Osbourne_Crazy-Train_v7_p.psarc
Ozzy Osbourne,Desire,Ozzy-Osbourne_Desire_v1_DD_p.psarc
Ozzy Osbourne,Diary of a Madman,Ozzy-Osbourne_Diary-of-a-Madman_v5_p.psarc
Ozzy Osbourne,Flying High Again,Ozzy-Osbourne_Flying-High-Again_v1_p.psarc
Ozzy Osbourne,I Dont Want To Change The World,Ozzy-Osbourne_I-Dont-Want-To-Change-The-World_v1_0_DD_p.psarc
Ozzy Osbourne,Mama Im Coming Home,Ozzy-Osbourne_Mama-Im-Coming-Home_v1_DD_p.psarc
Ozzy Osbourne,No More Tears,Ozzy-Osbourne_No-More-Tears_v2_DD_p.psarc
Ozzy Osbourne,Over The MountainDD,Ozzy-Osbourne_Over-The-MountainDD_v5_p.psarc
Ozzy Osbourne,Perry Mason,Ozzy-Osbourne_Perry-Mason_v1_p.psarc
Ozzy Osbourne,Suicide Solution,Ozzy-Osbourne_Suicide-Solution-_v3_p.psarc
Ozzy Osbourne,Thunder Underground,Ozzy-Osbourne_Thunder-Underground_v1_2_p.psarc
Ozzy Osbourne,Youre No Different,Ozzy-Osbourne_Youre-No-Different_v2_p.psarc
Ozzy Osbourne,I Don’t Know,OzzyOsbourne_IDontKnow_v1_p.psarc
Ozzy Osbourne,Osbourne,Ozzy_Osbourne_Mr_Crowley_v2_p.psarc
Paramore,All I Wanted,Paramore_All-I-Wanted_v1_3_DD_p.psarc
Paramore,Big Man Little Dignity,Paramore_Big-Man-Little-Dignity_v1_1_DD_p.psarc
Paramore,Brighter,Paramore_Brighter_v1_DD_p.psarc
Paramore,Feeling Sorry,Paramore_Feeling-Sorry_v1_p.psarc
Paramore,Last Hope,Paramore_Last-Hope_v2_261_p.psarc
Paramore,Let The Flames Begin,Paramore_Let-The-Flames-Begin_v1_DD_p.psarc
Paramore,Looking Up,Paramore_Looking-Up_v2_DD_p.psarc
Paramore,Miracle,Paramore_Miracle_v1_p.psarc
Paramore,My Heart,Paramore_My-Heart_v1_DD_p.psarc
Paramore,One of Those Crazy Girls,Paramore_One-of-Those-Crazy-Girls_v1_DD_p.psarc
Paramore,Proof,Paramore_Proof_v1_p.psarc
Paramore,Thats What You Get,Paramore_Thats-What-You-Get_v1_DD_p.psarc
Paramore,When It Rains,Paramore_When-It-Rains_v1_DD_p.psarc
Parcels,Gamesofluck,Parcels_Gamesofluck_v1_p.psarc
Parcels,Lightenup,Parcels_Lightenup_v1_p.psarc
Parcels,Overnight,Parcels_Overnight_v1_1_p.psarc
Parcels,Tieduprightnow,Parcels_Tieduprightnow_v1_p.psarc
Patricio Rey y sus Redonditos de Ricota,Ji ji ji,Patricio-Rey-y-sus-Redonditos-de-Ricota_Ji-ji-ji_v2_p.psarc
Patricio Rey y sus Redonditos de Ricota,Vencedores Vencidos,Patricio-Rey-y-sus-Redonditos-de-Ricota_Vencedores-Vencidos_v1_p.psarc
Pearl Jam,Why Go,Pearl-Jam_Why-Go_v2_p.psarc
Peter Bjorn and John,Young Folks,Peter-Bjorn-and-John_Young-Folks_v1_DD_p.psarc
Pink Floyd,Another Brick in the Wall Part 2,Pink-Floyd_Another-Brick-in-the-Wall-Part-2_v3_0_DD_p.psarc
Pink Floyd,Comfortably NumbDell,Pink-Floyd_Comfortably-NumbDell_v2_1_p.psarc
Pink Floyd,Have A Cigar,Pink-Floyd_Have-A-Cigar_v1_p.psarc
Pink Floyd,Money,Pink-Floyd_Money_v4_0_DD_p.psarc
Pink Floyd,Shine On Your Crazy Diamond,Pink-Floyd_Shine-On-Your-Crazy-Diamond_v2_0_DD_p.psarc
Pink Floyd,Time,Pink-Floyd_Time_v2_0_p.psarc
Pink Floyd,Wish You Were Here,Pink-Floyd_Wish-You-Were-Here_v5_DD_p.psarc
Pink Floyd,Young Lust,Pink-Floyd_Young-Lust_DD_p.psarc
Power Rangers,Go Go Power Rangers,Power-Rangers_Go-Go-Power-Rangers_V2_p.psarc
Queen,A Kind of MAgic,Queen_A-Kind-of-MAgic_v1_0_p.psarc
Queen,Flash,Queen_Flash_DD_p.psarc
Queen,Friends Will Be Friends,Queen_Friends-Will-Be-Friends_v1_p.psarc
Queen,One Vision,Queen_One-Vision_v1_p.psarc
Queen,The Show Must Go On,Queen_The-Show-Must-Go-On_v1_p.psarc
Queens of the Stone Age,Song For The Deaf,Queens-of-the-Stone-Age_Song-For-The-Deaf_v1_p.psarc
Queensryche,Walk In The Shadows,Queensryche_Walk-In-The-Shadows_v1_p.psarc
Raconteurs The,Many Shades of Black,Raconteurs-The_Many-Shades-of-Black_v1_p.psarc
Radiohead,Let Down,Radiohead_Let-Down_v1_DD_p.psarc
Radiohead,Lucky,Radiohead_Lucky_v1_DD_p.psarc
Rainbow Kitten Surprise,It's Called Freefall,Rainbow-Kitten-Surprise_It's-Called-Freefall_v1_p.psarc
Rammstein,Du Hast,Rammstein-Du-Hast-_p.psarc
Rammstein,Amerika,Rammstein_Amerika_v1_p.psarc
Rammstein,Deutschland,Rammstein_Deutschland_v1_1_p.psarc
Rammstein,Mein Herz Brennt ,Rammstein_Mein-Herz-Brennt-Drop-C_v1_p.psarc
Rammstein,Sonne,Rammstein_Sonne_v3_p.psarc
Ramones,Beat on the Brat,Ramones_Beat-on-the-Brat_v1_p.psarc
Ramones,Cretin Hop,Ramones_Cretin-Hop_v1_p.psarc
Ramones,Havana Affair,Ramones_Havana-Affair_v1_p.psarc
Ramones,IWannaBeSedated,Ramones_IWannaBeSedated_v2_p.psarc
Ramones,Now I Wanna Sniff Some Glue,Ramones_Now-I-Wanna-Sniff-Some-Glue_v2_DD_p.psarc
Ramones,Pet Sematary,Ramones_Pet-SemataryDell_v1_p.psarc
Ramones,Rockaway Beach,Ramones_Rockaway-Beach_v1_p.psarc
Ramones,Sheena Is a Punk Rocker,Ramones_Sheena-Is-a-Punk-Rocker_v1_p.psarc
Ramones,The KKK Took My Baby Away,Ramones_The-KKK-Took-My-Baby-Away_v1_0_p.psarc
Ramones,Do You Wanna Dance,_Ramones_DoYouWannaDanceV1.0_p.psarc
Rare Occasions,Notion,Rare-Occasions-The_Notion_v1_1_DD_p.psarc
Ratt,Wanted Man,Ratt_Wanted-Man_v1_NDD_p.psarc
Ratt,Your In Love,Ratt_Your-In-Love_v6_p.psarc
Red Hot Chilli Peppers,Tell Me Baby,Red Hot Chilli Peppers_Tell Me Baby_vNA_BLRV_DD_p.psarc
Red Hot Chili Peppers,By the Way,Red-Hot-Chili-Peppers_By-the-Way_v1_p.psarc
Red Hot Chili Peppers,Californication,Red-Hot-Chili-Peppers_Californication_v5_DD_p.psarc
Red Hot Chili Peppers,Cant Stop,Red-Hot-Chili-Peppers_Cant-Stop_v5_0_DD_p.psarc
Red Hot Chili Peppers,Dani California,Red-Hot-Chili-Peppers_Dani-California_v1_p.psarc
Red Hot Chili Peppers,Death of Martian,Red-Hot-Chili-Peppers_Death-of-Martian_v2_DD_p.psarc
Red Hot Chili Peppers,Get On Top,Red-Hot-Chili-Peppers_Get-On-Top_v1_p.psarc
Red Hot Chili Peppers,Give it Away,Red-Hot-Chili-Peppers_Give-it-Away_v4_p.psarc
Red Hot Chili Peppers,Hey,Red-Hot-Chili-Peppers_Hey_v2_p.psarc
Red Hot Chili Peppers,Hump De Bump,Red-Hot-Chili-Peppers_Hump-De-Bump_v1_0_DD_p.psarc
Red Hot Chili Peppers,I Could Have Lied,Red-Hot-Chili-Peppers_I-Could-Have-Lied_v1_0_p.psarc
Red Hot Chili Peppers,I Like Dirt,Red-Hot-Chili-Peppers_I-Like-Dirt_v1_p.psarc
Red Hot Chili Peppers,Parallel Universe,Red-Hot-Chili-Peppers_Parallel-Universe_v1_p.psarc
Red Hot Chili Peppers,Scar Tissue,Red-Hot-Chili-Peppers_Scar-Tissue_v1_p.psarc
Red Hot Chili Peppers,Slow Cheetah,Red-Hot-Chili-Peppers_Slow-Cheetah_v1_p.psarc
Red Hot Chili Peppers,So Much I,Red-Hot-Chili-Peppers_So-Much-I_v2_p.psarc
Red Hot Chili Peppers,Stadium Arcadium,Red-Hot-Chili-Peppers_Stadium-Arcadium_v1-2_p.psarc
Red Hot Chili Peppers,Suck My Kiss,Red-Hot-Chili-Peppers_Suck-My-Kiss_v1_p.psarc
Red Hot Chili Peppers,Torture Me,Red-Hot-Chili-Peppers_Torture-Me_v2_p.psarc
Red Hot Chili Peppers,Under the Bridge,Red-Hot-Chili-Peppers_Under-the-Bridge_v5_DD_p.psarc
Red Hot Chili Peppers,Otherside,Red-Hot_Otherside_DD_p.psarc
Red Hot Chili Peppers,Around The World,Red_Hot_Chili_Peppers_Around_the_World_v1_p.psarc
Red Hot Chili Peppers,Especially In Michigan,Red_Hot_Chili_Peppers_Especially_in_Michigan_v1a_p.psarc
Red Hot Chili Peppers,She Looks To Me,Red_Hot_Chili_Peppers_She_looks_to_me_v1a_p.psarc
Red Hot Chili Peppers,Strip My Mind,Red_Hot_Chili_Peppers_Strip_my_mind_v1a_p.psarc
Red Hot Chili Peppers,Aeroplane,RHCP_Aeroplane_p.psarc
Red Hot Chili Peppers,Snow,RHCP_Snow_V1e_p.psarc
Rival Sons,Pressure And Time,pressureandtime_p.psarc
Rival Sons,Electric Man,Rival-Sons_Electric-Man_v2_p.psarc
Rival Sons,Get Whats Coming,Rival-Sons_Get-Whats-Coming_v_DD_p.psarc
Rival Sons,Keep On Swinging,Rival-Sons_Keep-On-Swinging_v1_1_DD_p.psarc
Royal Blood,Ten Tonne Skeleton,Royal-Blood_Ten-Tonne-Skeleton_v1_DD_p.psarc
Sabrina Carpenter,Espresso,Sabrina-Carpenter_Espresso_v1_p.psarc
Sabrina Carpenter,Juno,Sabrina-Carpenter_Juno_v1_5_p.psarc
Sabrina Carpenter,Please Please Please,Sabrina-Carpenter_Please-Please-Please_v1_p.psarc
Scorpions,No One Like You,Scorpions_No-One-Like-You_v1_p.psarc
Scorpions,Rock You Like A Hurricane,Scorpions_Rock-You-Like-A-Hurricane_v1_p.psarc
Scorpions,Still Loving You,Scorpions_Still-Loving-You_v1_p.psarc
Scorpions,Wind of Change ComeBlack,Scorpions_Wind-of-Change-ComeBlack_v22_p.psarc
Sex Pistols,Anarchy In The UK,Sex-Pistols_Anarchy-In-The-UK_v1_p.psarc
Sex Pistols,EMI,Sex-Pistols_EMI_v1_0_DD_p.psarc
Sex Pistols,God Save The Queen,Sex-Pistols_God-Save-The-Queen_v1_DD_p.psarc
Sex Pistols,No Feelings,Sex-Pistols_No-Feelings_v2_p.psarc
Sex Pistols,Pretty Vacant,Sex-Pistols_Pretty-Vacant_v3_DD_p.psarc
Sex Pistols,Problems,Sex-Pistols_Problems_v1_p.psarc
Bruno Mars Anderson Paak Silk Sonic,777,Bruno-Mars-Anderson-Paak-Silk-Sonic_777_v1_p.psarc
Bruno Mars Anderson Paak Silk Sonic,After Last Night,Bruno-Mars-Anderson-Paak-Silk-Sonic_After-Last-Night_v1_0_p.psarc
Bruno Mars Anderson Paak Silk Sonic,Blast Off,Bruno-Mars-Anderson-Paak-Silk-Sonic_Blast-Off_v1_0_p.psarc
Bruno Mars Anderson Paak Silk Sonic,Fly As Me,Bruno-Mars-Anderson-Paak-Silk-Sonic_Fly-As-Me_v1_p.psarc
Bruno Mars Anderson Paak Silk Sonic,Leave The Door Open,Bruno-Mars-Anderson-Paak-Silk-Sonic_Leave-The-Door-Open_v1_p.psarc
Bruno Mars Anderson Paak Silk Sonic,Skate,Bruno-Mars-Anderson-Paak-Silk-Sonic_Skate_v2_p.psarc
Bruno Mars Anderson Paak Silk Sonic,Smokin Out The Window,Bruno-Mars-Anderson-Paak-Silk-Sonic_Smokin-Out-The-Window_v1_1_p.psarc
Simple Plan  ,Crazy,Simple Plan - Crazy_v1_p.psarc
Simple Plan,Addicted,Simple-Plan_Addicted_v1_p.psarc
Simple Plan,I'm Just a Kid,Simple-Plan_I'm-Just-a-Kid_v1_1_p.psarc
Simple Plan,Perfect World,Simple-Plan_Perfect-World_v1_p.psarc
Simple Plan,Perfect,Simple-Plan_Perfect_v1_DD_p.psarc
Simple Plan,Shut Up,Simple-Plan_Shut-Up_v1_p.psarc
Simple Plan,Welcome to my Life,Simple-Plan_Welcome-to-my-Life_v1_DD_p.psarc
Simple Plan,Jump,"Simple_Plan_Jump_v1,2_p.psarc"
Slash feat Myles Kennedy And The Conspirators,Bent To Fly,Slash-feat-Myles-Kennedy-And-The-Conspirators_Bent-To-Fly_v1_2_DD_p.psarc
Slash featuring Myles Kennedy and The Conspirators,No More Heroes,Slash-featuring-Myles-Kennedy-and-The-Conspirators_No-More-Heroes_v1_p.psarc
Slash featuring Myles Kennedy and The Conspirators,Stone Blind,Slash-featuring-Myles-Kennedy-and-The-Conspirators_Stone-Blind_v1_p.psarc
Slash featuring Myles Kennedy and The Conspirators,Too Far Gone,Slash-featuring-Myles-Kennedy-and-The-Conspirators_Too-Far-Gone_v1_p.psarc
Slash featuring Myles Kennedy and The Conspirators,Unholy,Slash-featuring-Myles-Kennedy-and-The-Conspirators_Unholy_v1_p.psarc
Slash featuring Myles Kennedy and The Conspirators,Apocalyptic Love,Slash-featuring-Myles-Kennedy-and-The-Conspirators__Apocalyptic-Love_v1_p.psarc
Slash,Ghost,Slash-_Ghost_v4_3_p.psarc
Slash featuring Myles Kennedy and The Conspirators,30 Years To Life,Slash_30-Years-To-Life_v1_p.psarc
Slash featuring Myles Kennedy and The Conspirators,Automatic Overdrive,Slash_Automatic-Overdrive_v1_DD_p.psarc
Slash featuring Myles Kennedy and The Conspirators,Avalon,Slash_Avalon_v1_p.psarc
Slash featuring Myles Kennedy and The Conspirators,Bad Rain,Slash_Bad-Rain_v1_p.psarc
Slash featuring Myles Kennedy and The Conspirators,Battleground,Slash_Battleground_v1_p.psarc
Slash,BeautifulDangerous,Slash_BeautifulDangerous_v1_DD_p.psarc
Slash,By the Sword,Slash_By-the-Sword_v2_DD_p.psarc
Slash,Crucify The Dead,Slash_Crucify-The-Dead_v2_p.psarc
Slash,Doctor Alibi,Slash_DoctorAlibi_v1_DD_p.psarc
Slash featuring Myles Kennedy and The Conspirators,Far and away ,Slash_Far-and-away 3_p.psarc
Slash,Gotten,Slash_Gotten_v_p.psarc
Slash featuring Myles Kennedy and The Conspirators,Halo,Slash_Halo_v1_p.psarc
Slash,I Hold On,Slash_IHoldOn_v1_DD_p.psarc
Slash,Nothing To Say,Slash_Nothing-To-Say_v1_p.psarc
Slash featuring Myles Kennedy and The Conspirators,One Last Thrill,Slash_One-Last-Thrill_v1_p.psarc
Slash,Promise,Slash_Promise_v1_DD_p.psarc
Slash featuring Myles Kennedy and The Conspirators,Standing In The Sun,Slash_Standing-In-The-Sun_v1_DD_p.psarc
Slash featuring Myles Kennedy and The Conspirators,Wicked Stone,Slash_Wicked-Stone_v1_2_DD_p.psarc
Slash featuring Myles Kennedy and The Conspirators,World On Fire,Slash_World-On-Fire_v1_p.psarc
Slash's Snakepit,Beggars and Hangers On,Slash's-Snakepit_Beggars-and-Hangers-On_v1_p.psarc
Slash's Snakepit,Dime Store Rock,Slashs-Snakepit_Dime-Store-Rock_v1_0_p.psarc
Slash's Snakepit,Speed Parade,Slashs-Snakepit_Speed-Parade_v1_0_p.psarc
Slash's Snakepit,Aint Life Grand,SlashsSnakepit_AintLifeGrand_v1_DD_p.psarc
Slash's Snakepit,Back To The Moment,SlashsSnakepit_BackToTheMoment_v1_DD_p.psarc
Slash's Snakepit,Been There Lately,SlashsSnakepit_BeenThereLately_v1_DD_p.psarc
Slash's Snakepit,Mean Bone,SlashsSnakepit_MeanBone_v1_DD_p.psarc
Slash's Snakepit,Shine,SlashsSnakepit_Shine_v1_p.psarc
Slipknot,Before I Forget,Slipknot_Before-I-Forget_v2_DD_p.psarc
Slipknot,Duality,Slipknot_Duality_v3_1_p.psarc
Soda Stereo,De Musica Ligera,Soda-Stereo_De-Musica-Ligera_v1_DD_p.psarc
Soda Stereo,Persiana Americana,Soda-Stereo_Persiana-Americana_v1_1_p.psarc
Soda Stereo,Profugos,Soda-Stereo_Profugos_v1_DD_p.psarc
Soda Stereo,Nada Personal,sodanada_p.psarc
Stevie Ray Vaughan & Double Trouble,House Is Rockin',Stevie-Ray-Vaughan-&-Double-Trouble_House-Is-Rockin'_v1_DD_p.psarc
Stevie Ray Vaughan and Double Trouble,Lenny,Stevie-Ray-Vaughan-and-Double-Trouble_Lenny_v2_1_p.psarc
Stevie Ray Vaughan and Double Trouble,Superstition,Stevie-Ray-Vaughan-and-Double-Trouble_Superstition_v1_p.psarc
Stevie Ray Vaughan and Double Trouble,Tin Pan Alley,Stevie-Ray-Vaughan-and-Double-Trouble_Tin-Pan-Alley_v1_p.psarc
Stevie Ray Vaughan,Crossfire,Stevie-Ray-Vaughan_Crossfire_v2_DD_p.psarc
Stevie Ray Vaughan,Look At Little Sister ,Stevie-Ray-Vaughan_Look-At-Little-Sister-DD_v3_5_p.psarc
Stevie Ray Vaughan,Mary Had A Little Lamb,Stevie-Ray-Vaughan_Mary-Had-A-Little-Lamb_v2_0_DD_p.psarc
StevieNicks,Edge Of Seventeen,StevieNicks_EdgeOfSeventeen_v1_p.psarc
Stone Temple Pilots,Dead And Bloated,Stone-Temple-Pilots_Dead-And-Bloated_v1_p.psarc
System Of A Down,Radio Video,System-of-a-Down-RadioVideo-v1_p.psarc
System Of A Down,Cigaro,System-of-a-Down_Cigaro_v2_p.psarc
System Of A Down,Lost In Hollywood,System-Of-A-Down_Lost-In-Hollywood_v1_p.psarc
System Of A Down,Question,System-of-a-Down_Question_v1_p.psarc
System Of A Down,Revenga,System-of-a-Down_Revenga_v1_p.psarc
System Of A Down,Chop Suey,SystemofaDown-ChopSuey_v11_DD_p.psarc
System Of A Down,Violent Pornography,System_of_a_Down_Violent_Pornography_v1.1DD_p.psarc
Tame Impala,Borderline,Tame-Impala_Borderline_v1_p.psarc
Tame Impala,Feels Like We Only Go Backwards,Tame-Impala_Feels-Like-We-Only-Go-Backwards_v1_p.psarc
Tame Impala,Less I Know The Better,Tame-Impala_Less-I-Know-The-Better_v4_p.psarc
Taylor Swift,Trouble,Taylor Swift - Trouble With Tone Change_p.psarc
Taylor Swift,Blank Space,Taylor-Swift_Blank-Space_v_p.psarc
Taylor Swift,Cruel Summer,Taylor-Swift_Cruel-Summer_v1_p.psarc
Taylor Swift,Shake It Off,Taylor-Swift_Shake-It-Off_v_p.psarc
Taylor Swift,Style ,Taylor-Swift_Style-Djpavs_v1_p.psarc
Taylor Swift,You Belong With Me,Taylor-Swift_You-Belong-With-Me_v1_p.psarc
The Beatles,It Won't Be Long,"Beatles,-The_It-Won't-Be-Long_v1_1_p.psarc"
The Beatles,Oh! Darling,"Beatles,-The_Oh!-Darling_v1_1_p.psarc"
The Beatles,All My Loving,Beatles-The_All-My-Loving_v3_5_DD_p.psarc
The Beatles,And I Love Her,Beatles-The_And-I-Love-Her_v3_p.psarc
The Beatles,Baby's In Black,Beatles-The_Baby's-In-Black_v1_p.psarc
The Beatles,Because,Beatles-The_Because_v3_DD_p.psarc
The Beatles,Can't Buy Me Love,Beatles-The_Can't-Buy-Me-Love_v4_0_DD_p.psarc
The Beatles,Come Together,Beatles-The_Come-Together_v1_0_p.psarc
The Beatles,Day Tripper,Beatles-The_Day-Tripper_v1_0_DD_p.psarc
The Beatles,Dear Prudence Full Band,Beatles-The_Dear-Prudence-Full-Band_v1_1_p.psarc
The Beatles,Devil in Her Heart,Beatles-The_Devil-in-Her-Heart_v1_1_p.psarc
The Beatles,Dizzy Miss Lizzy,Beatles-The_Dizzy-Miss-Lizzy_v1_DD_p.psarc
The Beatles,Doctor Robert,Beatles-The_Doctor-Robert_v1_DD_p.psarc
The Beatles,Eight Days a Week,Beatles-The_Eight-Days-a-Week_v3_5_DD_p.psarc
The Beatles,Eleanor Rigby,Beatles-The_Eleanor-Rigby_v3_0_p.psarc
The Beatles,Getting Better,Beatles-The_Getting-Better_v1_0_p.psarc
The Beatles,Girl,Beatles-The_Girl_v4_DD_p.psarc
The Beatles,Glass Onion,Beatles-The_Glass-Onion_v1_DD_p.psarc
The Beatles,Golden Slumbers,Beatles-The_Golden-Slumbers_v2_DD_p.psarc
The Beatles,Happy Birthday,Beatles-The_Happy-Birthday_v3_p.psarc
The Beatles,Hello Goodbye,Beatles-The_Hello-Goodbye_v1_DD_p.psarc
The Beatles,Hello Goodbye,Beatles-The_Hello-Goodbye_v4_0_DD_p.psarc
The Beatles,Here Comes The Sun,Beatles-The_Here-Comes-The-Sun_v1_DD_p.psarc
The Beatles,Hey Bulldog,Beatles-The_Hey-Bulldog_v1_0_p.psarc
The Beatles,I Feel Fine,Beatles-The_I-Feel-Fine_v3_5_DD_p.psarc
The Beatles,I Want to Hold Your Hand,Beatles-The_I-Want-to-Hold-Your-Hand_v3_5_DD_p.psarc
The Beatles,I Want You she's so heavy,Beatles-The_I-Want-You-she's-so-heavy_v7_DD_p.psarc
The Beatles,If I Fell,Beatles-The_If-I-Fell_v1_p.psarc
The Beatles,Magical Mystery Tour,Beatles-The_Magical-Mystery-Tour_v1_DD_p.psarc
The Beatles,Martha My Dear,Beatles-The_Martha-My-Dear_v1_0_p.psarc
The Beatles,Maxwell's Silver Hammer,Beatles-The_Maxwell's-Silver-Hammer_v3_DD_p.psarc
The Beatles,Norwegian Wood,Beatles-The_Norwegian-Wood_v4_0_DD_p.psarc
The Beatles,Please Please Me,Beatles-The_Please-Please-Me_v3_5_DD_p.psarc
The Beatles,Polythene Pam She Came In Through The Bathroom Window,Beatles-The_Polythene-Pam-She-Came-In-Through-The-Bathroom-Window_v2_DD_p.psarc
The Beatles,Revolution,Beatles-The_Revolution_v1_0_p.psarc
The Beatles,Savoy Truffle,Beatles-The_Savoy-Truffle_v1_1_p.psarc
The Beatles,Sun King,Beatles-The_Sun-King_v3_DD_p.psarc
The Beatles,Taxman,Beatles-The_Taxman_v1_1_p.psarc
The Beatles,When Im Sixty Four,Beatles-The_When-Im-Sixty-Four_v1_DD_p.psarc
The Beatles,Yer Blues,Beatles-The_Yer-Blues_v2_2_p.psarc
The Beatles,You're Going To Lose That Girl,Beatles-The_You're-Going-To-Lose-That-Girl_v1_p.psarc
The Beatles,You Never Give Me Your Money,Beatles-The_You-Never-Give-Me-Your-Money_v3_DD_p.psarc
The Beatles,A Hard Days Night,Beatles_A-Hard-Days-Night_v1_DD_p.psarc
The Beatles,Across The Universe,Beatles_Across-The-Universe_v1_p.psarc
The Beatles,Dig A Pony,Beatles_Dig-A-Pony_v3_DD_p.psarc
The Beatles,Do You Want To Know A Secret DD,Beatles_Do-You-Want-To-Know-A-Secret-DD_v3_0_p.psarc
The Beatles,Dont Let Me Down,Beatles_Dont-Let-Me-Down_v2_p.psarc
The Beatles,Drive My Car,Beatles_Drive-My-Car_v_DD_p.psarc
The Beatles,Eleanor Rigby,Beatles_Eleanor-Rigby_v2_DD_p.psarc
The Beatles,Help,Beatles_Help_v_p.psarc
The Beatles,Helter Skelter,Beatles_Helter-Skelter_v1_p.psarc
The Beatles,Hey Jude DD,Beatles_Hey-Jude-DD_v5_0_p.psarc
The Beatles,I've Got a Feeling,Beatles_I've-Got-a-Feeling_v3_DD_p.psarc
The Beatles,I Me Mine,Beatles_I-Me-Mine_v3_DD_p.psarc
The Beatles,Im Looking Through You,Beatles_Im-Looking-Through-You_v1_p.psarc
The Beatles,Im Only Sleeping,Beatles_Im-Only-Sleeping_v1_0_DD_p.psarc
The Beatles,In my life,Beatles_In-my-life_v1_p.psarc
The Beatles,Lucy in the Sky with Diamonds,Beatles_Lucy-in-the-Sky-with-Diamonds_v3_5_p.psarc
The Beatles,Michelle,Beatles_Michelle_v4_0_p.psarc
The Beatles,Nowhere Man,Beatles_Nowhere-Man_v2_p.psarc
The Beatles,Octopus's Garden,Beatles_Octopus's-Garden_v3_DD_p.psarc
The Beatles,Penny Lane,Beatles_Penny-Lane_v3_5_p.psarc
The Beatles,Sexy Sadie Full Band,Beatles_Sexy-Sadie-Full-Band_v1_p.psarc
The Beatles,Sgt Peppers Lonely Hearts Club Band With A Little Help From My Friends,Beatles_Sgt-Peppers-Lonely-Hearts-Club-Band-With-A-Little-Help-From-My-Friends_v1_p.psarc
The Beatles,The End,Beatles_The-End_v1_0_DD_p.psarc
The Beatles,Wait,Beatles_Wait_v1_DD_p.psarc
The Beatles,Word,Beatles_Word_v1_p.psarc
The Beatles,I Am The Walrus,RM_-Beatles_I-Am-The-Walrus_p.psarc
The Beatles,Back In The USSR,The-Beatles_Back-In-The-USSR_v1_2_DD_p.psarc
The Beatles,Get Back,The-Beatles_Get-Back_v1_7_DD_p.psarc
The Beatles,I Saw Her Standing There ,The-Beatles_I-Saw-Her-Standing-There-Full-Band_v1_p.psarc
The Beatles,Paperback Writer,The-Beatles_Paperback-Writer_v1_0_p.psarc
The Beatles,Something Full Band DD,The-Beatles_Something-Full-Band-DD_v1_DD_p.psarc
The Beatles,Beatles,The_Beatles_Rocky_Raccoon_v1b_p.psarc
The Beatles,While My Guitar Gently Weeps,whilemyguitar_p.psarc
The Beatles,Roll Over Beethoven,With-The-Beatles_Roll-Over-Beethoven_v1_p.psarc
The Clash,Koka Kola,Clash-The_Koka-Kola_v1_p.psarc
The Clash,Clampdown,Clash_Clampdown_v1_p.psarc
The Clash,Death or Glory,Clash_Death-or-Glory_v2_p.psarc
The Clash,Four Horsemen,Clash_Four-Horsemen_v1_p.psarc
The Clash,Jimmy Jazz,Clash_Jimmy-Jazz_v1_p.psarc
The Clash,Lost in the supermarket,Clash_Lost-in-the-supermarket_v2_p.psarc
The Clash,Police & Thieves,Clash_Police--Thieves_v11_p.psarc
The Clash,Police on my back,Clash_Police-on-my-back_v4_p.psarc
The Clash,Rock The Casbah,Clash_Rock-The-Casbah_v1_p.psarc
The Clash,Rudie Cant Fail,Clash_Rudie-Cant-Fail_v1_p.psarc
The Clash,Spanish Bombs,Clash_Spanish-Bombs_v1_p.psarc
The Clash,Train In Vain,Clash_Train-In-Vain_v1_0_p.psarc
The Clash,The Magnificent Seven,The-Clash_The-Magnificent-Seven_v1_1-BV-Jamoan_p.psarc
The Clash,Janie Jones,_Clash_Janie_Jones_v1_0_p.psarc
The Cult,Love Removal Machine,The-Cult_Love-Removal-Machine_v1_p.psarc
The Cult,She Sells Sanctuary,The-Cult_She-Sells-Sanctuary_v1_DD_p.psarc
The Doors,Peace Frog,Doors-The_Peace-Frog_v1_p.psarc
The Doors,Hello I Love You,Doors_Hello-I-Love-You_v1_1_DD_p.psarc
The Doors,Soul Kitchen,Doors_Soul-Kitchen_v3_DD_p.psarc
The Doors,Touch Me,Doors_Touch-Me_v1_0_DD_p.psarc
Hives,Tick Tick Boom,Hives_Tick-Tick-Boom_v_DD_p.psarc
The Killers,All These Things That I've Done,Killers_All-These-Things-That-I've-Done_v2_p.psarc
The Killers,Human,The-Killers_Human_v_DD_p.psarc
The Rasmus,Guilty,Rasmus-The_Guilty_v2_p.psarc
The Rasmus,Justify,Rasmus-The_Justify_v2_1_p.psarc
The Rasmus,Livin' In A World Without You,Rasmus-The_Livin'-In-A-World-Without-You_v1_p.psarc
The Rasmus,In my Life,Rasmus_In-my-Life_v2_p.psarc
The Rasmus,Still Standing,Rasmus_Still-Standing_v1_p.psarc
The Rasmus,In the shadows,The-Rasmus_In-the-shadows_v2_0_p.psarc
The Rasmus,No fear,The-Rasmus_No-fear_v2_0_p.psarc
The Rasmus,Not like the other Girls,The-Rasmus_Not-like-the-other-Girls_v1_p.psarc
The Rolling Stones,Undercover of the Night,MRCRolling-Stones_Undercover-of-the-Night_v1_p.psarc
The Rolling Stones,Doom And Gloom,Rolling-Stones-The_Doom-And-Gloom_v_DD_p.psarc
The Rolling Stones,Dead Flowers,Rolling-Stones_Dead-Flowers_v1_p.psarc
The Rolling Stones,Doo Doo Doo Doo Doo Heartbreaker,Rolling-Stones_Doo-Doo-Doo-Doo-Doo-Heartbreaker_syvaa_v1_p.psarc
The Rolling Stones,Lets Spend The Night Together,Rolling-Stones_Lets-Spend-The-Night-Together_v1_DD_p.psarc
The Rolling Stones,She's A Rainbow,Rolling-Stones_She's-A-Rainbow_v1_0_DD_p.psarc
The Rolling Stones,Under My Thumb,Rolling-Stones_Under-My-Thumb_v1_3_DD_p.psarc
The Rolling Stones,Beast Of Burden,The-Rolling-Stones_Beast-Of-Burden_v1_DD_p.psarc
The Rolling Stones,Cant You Hear Me Knocking,the-Rolling-Stones_Cant-You-Hear-Me-Knocking_v_p.psarc
The Rolling Stones,Miss You,The-Rolling-Stones_Miss-You_v1_DD_p.psarc
The Rolling Stones,Ruby Tuesday,The-Rolling-Stones_Ruby-Tuesday_v2_p.psarc
The Rolling Stones,Start Me Up,The-Rolling-Stones_Start-Me-Up_v1_p.psarc
Stone Roses,Fools Gold,Stone-Roses_Fools-Gold_v1_1_p.psarc
The Strokes,All The Time,Strokes_All-The-Time_v1_p.psarc
The Strokes,Automatic Stop,Strokes_Automatic-Stop_v2_p.psarc
The Strokes,End Has No End,Strokes_End-Has-No-End_v1_DD_p.psarc
The Strokes,Fear Of Sleep,Strokes_Fear-Of-Sleep_v3_DD_p.psarc
The Strokes,Gratisfaction,Strokes_Gratisfaction_v3_DD_p.psarc
The Strokes,Heart in a Cage,Strokes_Heart-in-a-Cage_v3_DD_p.psarc
The Strokes,I Can't Win,Strokes_I-Can't-Win_v3_DD_p.psarc
The Strokes,Razor Blade,Strokes_Razor-Blade_v3_DD_p.psarc
The Strokes,Razorblade,Strokes_Razorblade_v1_DD_p.psarc
The Strokes,Take It Or Leave It,Strokes_Take-It-Or-Leave-It_v2_p.psarc
The Strokes,The End Has No End,Strokes_The-End-Has-No-End_v3_p.psarc
The Strokes,Vision Of Division,Strokes_Vision-Of-Division_v4_DD_p.psarc
The Strokes,Welcome to Japan,Strokes_Welcome-to-Japan_v2_p.psarc
The Strokes,Machu Picchu,The-Strokes_Machu-Picchu_v2_p.psarc
The Weeknd,Blinding Light,Weeknd-The_Blinding-Light_v1_p.psarc
The Weeknd,In Your Eyes,Weeknd-The_In-Your-Eyes_v1_0_p.psarc
The Weeknd,Less Than Zero,Weeknd-The_Less-Than-Zero_v1_p.psarc
The Weeknd,Out of Time,Weeknd-The_Out-of-Time_v1_p.psarc
The Weeknd,Sacrifice,Weeknd-The_Sacrifice_v1_p.psarc
The Weeknd,Save Your Tears,Weeknd-The_Save-Your-Tears_v1_p.psarc
The Weeknd,Take My Breath,Weeknd-The_Take-My-Breath_v1_p.psarc
The Who,The Real Me,The-Who_The-Real-Me_v1_2_p.psarc
The Who,Wont Get Fooled Again,The-Who_Wont-Get-Fooled-Again_v3_DD_p.psarc
The Who,Love Reign Oer Me,Who-The_Love-Reign-Oer-Me_v1_3_p.psarc
Tom Petty And The Heartbreakers,Dont Do Me Like That,Tom-Petty-and-the-Heartbreakers_Dont-Do-Me-Like-That_v1_p.psarc
Tom Petty And The Heartbreakers,I Should Have Known It,Tom-Petty-And-The-Heartbreakers_I-Should-Have-Known-It_v1_p.psarc
Tom Petty And The Heartbreakers,Rockin Around With You,Tom-Petty-And-The-Heartbreakers_Rockin-Around-With-You_v1_p.psarc
Tool,Schism,Tool_Schism_v1_p.psarc
Toto,Africa,Toto_Africa_v1_p.psarc
Twenty One Pilots,Heathens,Twenty-One-Pilots_Heathens_v1-1_p.psarc
Twenty One Pilots,Ride,Twenty-One-Pilots_Ride_v1_p.psarc
Van Halen,Ain't Talking 'Bout Love,Van-Halen_Ain't-Talking-'Bout-Love_v5_0_p.psarc
Van Halen,Jump,Van-Halen_Jump_v1_6_p.psarc
Van Halen,Panama,Van-Halen_Panama_syvaa_v3_p.psarc
Van Halen,Running With The Devil,Van-Halen_Running-With-The-Devil_v4_0_p.psarc
Van Halen,Unchained,Van-Halen_Unchained_v1_DD_p.psarc
Velvet Revolver,Do It For The Kids,Velvet-Revolver_Do-It-For-The-Kids_v1_p.psarc
Velvet Revolver,Fall To Pieces,Velvet-Revolver_Fall-To-Pieces_v1.1_DD_p.psarc
Velvet Revolver,Headspace,Velvet-Revolver_Headspace_v1_p.psarc
Velvet Revolver,Let It Roll,Velvet-Revolver_Let-It-Roll_v1_p.psarc
Velvet Revolver,She Builds Quick Machines,Velvet-Revolver_She-Builds-Quick-Machines_v1_DD_p.psarc
Velvet Revolver,Sucker Train Blues,Velvet-Revolver_Sucker-Train-Blues_v1_0_p.psarc
Velvet Revolver,Superhuman,Velvet-Revolver_Superhuman_v1_p.psarc
VelvetRevolver,SetMeFree,VelvetRevolver_SetMeFree_v1_p.psarc
Whitesnake,Here I Go Again 2020 Remix,Whitesnake_Here-I-Go-Again-2020-Remix_v1_1_p.psarc
Yeah Yeah Yeahs,Heads Will Roll,Yeah-Yeah-Yeahs_Heads-Will-Roll_v2_DD_p.psarc
ZZ Top,Cheap Sunglasses,ZZ-Top_Cheap-Sunglasses_v1_DD_p.psarc
ZZ Top,Gimme All Your Lovin',ZZ-Top_Gimme-All-Your-Lovin'_v3_5_p.psarc
ZZ Top,Jesus Just Left Chicago,ZZ-Top_Jesus-Just-Left-Chicago_v1_DD_p.psarc
ZZ Top,La Grange,ZZ-Top_La-Grange_v2_DD_p.psarc
ZZ Top,Legs   LP Version,ZZ-Top_Legs---LP-Version_v5_0_p.psarc
ZZ Top,Sharp Dressed Man,ZZ-Top_Sharp-Dressed-Man_v1_DD_p.psarc
ZZ Top,Tush,ZZ-Top_Tush_v6_5_p.psarc
ZZ Top,TV Dinners,ZZ-Top_TV-Dinners_v3_5_p.psarc
ZZ Top,Waitin' For The Bus,ZZ-Top_Waitin'-For-The-Bus_v4_0_DD_p.psarc
ZZ Top,TV Dinners,ZZ-Top_TV-Dinners_v3_5_p.psarc
ZZ Top,Waitin' For The Bus,ZZ-Top_Waitin'-For-The-Bus_v4_0_DD_p.psarc
